title,description,report_code,price,discount,meta_title,meta_description,keywords,key_insights,toc,segmentation,methodology,study_period,base_year,historical_data,pages,download_sample,slug
"Global Cold Storage Market for Pharmaceutical and Biotechnology Applications","The global cold storage market for pharmaceutical and biotechnology applications is experiencing unprecedented growth, driven by increasing demand for temperature-sensitive drugs, vaccines, and biological products. This comprehensive market research report provides in-depth analysis of market dynamics, competitive landscape, and future growth opportunities in the pharmaceutical cold chain logistics sector. The market encompasses ultra-low temperature storage solutions, automated cold storage systems, and advanced monitoring technologies essential for maintaining drug efficacy and regulatory compliance.",RPT-COLD-STORAGE-2024,4500,15,"Global Cold Storage Market for Pharmaceutical and Biotechnology Applications - Market Research Report 2024","Comprehensive analysis of the global cold storage market for pharmaceutical and biotechnology applications. Market size, growth trends, key players, regional analysis, and future opportunities in temperature-controlled storage solutions.","cold storage market, pharmaceutical cold chain, biotechnology storage, temperature controlled logistics, vaccine storage, drug logistics, cold chain management, pharmaceutical storage, ultra-low freezers, biologics storage, clinical trial storage","• The global pharmaceutical cold storage market is valued at $18.2 billion in 2024 and is projected to reach $28.7 billion by 2029, representing a CAGR of 9.6%
• Growing demand for biologics and biosimilars is driving 68% of market growth, with monoclonal antibodies leading the segment
• North America dominates with 42% market share, followed by Europe at 28% and Asia-Pacific at 22%
• Automated storage solutions and IoT-enabled monitoring systems are gaining traction with 15% annual growth
• COVID-19 vaccine distribution highlighted critical importance of cold chain infrastructure, driving $2.8 billion in additional investments
• Emerging markets in Asia-Pacific showing highest growth potential at 12.5% CAGR
• Ultra-low temperature storage (-80°C to -60°C) segment growing at 11.2% CAGR due to gene therapy and cell therapy growth
• Regulatory compliance costs account for 23% of total cold storage operational expenses","1. Executive Summary
   1.1 Market Overview
   1.2 Key Findings
   1.3 Market Forecast

2. Market Overview and Dynamics
   2.1 Market Definition and Scope
   2.2 Market Drivers
   2.3 Market Restraints
   2.4 Market Opportunities
   2.5 Market Challenges

3. Cold Storage Technology Analysis
   3.1 Ultra-Low Temperature Storage
   3.2 Deep Freezer Storage
   3.3 Standard Refrigeration
   3.4 Automated Storage Systems
   3.5 IoT and Monitoring Technologies

4. Pharmaceutical Cold Chain Requirements
   4.1 Regulatory Standards
   4.2 Temperature Requirements by Product Type
   4.3 Quality Assurance Protocols
   4.4 Distribution Challenges

5. Biotechnology Storage Solutions
   5.1 Cell and Gene Therapy Storage
   5.2 Vaccine Storage Requirements
   5.3 Blood Product Storage
   5.4 Clinical Trial Material Storage

6. Regional Market Analysis
   6.1 North America
   6.2 Europe
   6.3 Asia-Pacific
   6.4 Latin America
   6.5 Middle East & Africa

7. Competitive Landscape
   7.1 Market Structure
   7.2 Key Success Factors
   7.3 Strategic Initiatives

8. Key Market Players
   8.1 Company Profiles
   8.2 Financial Performance
   8.3 Strategic Developments

9. Temperature Range Analysis
   9.1 Ultra-Low Freezers (-80°C to -60°C)
   9.2 Deep Freezers (-40°C to -20°C)
   9.3 Standard Freezers (-20°C to 0°C)
   9.4 Refrigerated Storage (2°C to 8°C)

10. Regulatory Framework
    10.1 FDA Guidelines
    10.2 EMA Regulations
    10.3 WHO Standards
    10.4 Good Distribution Practice

11. Future Market Trends
    11.1 Technology Innovations
    11.2 Market Consolidation
    11.3 Sustainability Initiatives

12. Investment Opportunities
    12.1 Emerging Markets
    12.2 Technology Investments
    12.3 Infrastructure Development

13. Challenges and Solutions
    13.1 Operational Challenges
    13.2 Regulatory Compliance
    13.3 Cost Management

14. Market Forecast 2024-2029
    14.1 Revenue Projections
    14.2 Growth Opportunities
    14.3 Risk Assessment","By Temperature Range:
• Ultra-low freezers (-80°C to -60°C): $4.2 billion (23% market share)
• Deep freezers (-40°C to -20°C): $3.8 billion (21% market share)
• Standard freezers (-20°C to 0°C): $4.6 billion (25% market share)
• Refrigerated storage (2°C to 8°C): $5.6 billion (31% market share)

By Product Type:
• Vaccines: $6.8 billion (37% market share)
• Biologics and Biosimilars: $4.3 billion (24% market share)
• Blood and Blood Products: $2.1 billion (12% market share)
• Insulin and Diabetes Care: $1.8 billion (10% market share)
• Clinical Trial Materials: $1.6 billion (9% market share)
• Other Pharmaceuticals: $1.6 billion (8% market share)

By End User:
• Pharmaceutical Companies: $8.7 billion (48% market share)
• Biotechnology Firms: $3.6 billion (20% market share)
• Research Institutes: $2.2 billion (12% market share)
• Hospitals and Healthcare: $2.0 billion (11% market share)
• Clinical Laboratories: $1.7 billion (9% market share)

By Storage Type:
• Warehouse Storage: $11.2 billion (62% market share)
• Transportation: $4.5 billion (25% market share)
• Last-mile Delivery: $2.5 billion (13% market share)

By Technology:
• Automated Systems: $7.3 billion (40% market share)
• Manual Systems: $6.1 billion (34% market share)
• IoT-enabled Solutions: $4.8 billion (26% market share)","This comprehensive market research employs a robust mixed-method approach combining primary and secondary research methodologies to ensure accuracy and reliability of market insights.

Primary Research:
• In-depth interviews with 150+ industry experts across the cold storage value chain
• Surveys with pharmaceutical executives from 85 companies globally
• Discussions with cold storage facility managers from 45 facilities across 15 countries
• Regulatory expert consultations with FDA, EMA, and WHO representatives
• Technology vendor interviews covering 25 leading solution providers

Secondary Research:
• Analysis of company annual reports and financial statements from 200+ companies
• Regulatory filing analysis and patent database research
• Industry publication review covering 500+ articles and whitepapers
• Market database analysis from 15+ commercial sources
• Trade association data compilation from 25+ organizations

Market Sizing Methodology:
• Bottom-up approach: Analysis of individual market segments and regional markets
• Top-down approach: Total addressable market analysis and segment allocation
• Cross-validation through multiple independent data sources
• Monte Carlo simulation for forecast accuracy assessment
• Expert validation rounds with industry leaders

Data Quality Assurance:
• Multi-source triangulation for all key data points
• Statistical significance testing for survey responses
• Peer review by independent market research experts
• Real-time data validation through continuous market monitoring","Study Period: 2019-2029 | Historical Analysis: 2019-2023 | Forecast Period: 2024-2029",2023,"Historical Analysis Period: 2019-2023
• 2019: Market size $12.8 billion
• 2020: Market size $13.9 billion (8.6% growth driven by COVID-19 vaccine needs)
• 2021: Market size $15.2 billion (9.4% growth)
• 2022: Market size $16.7 billion (9.9% growth)
• 2023: Market size $18.2 billion (9.0% growth - base year)",285,https://researchmarketinsight.com/download-sample/cold-storage-pharmaceutical-market,global-cold-storage-market-pharmaceutical-biotechnology

